{
  "log_norm": 1.963115802297548,
  "alpha": 8.750789179353125,
  "alpha_weighted": 3.036177667983651,
  "log_alpha_norm": 3.426687647868263,
  "log_spectral_norm": 0.6530584183318302,
  "stable_rank": 55.31887442144841,
  "mp_softrank": 0.4572217677606275
}