{
  "log_norm": 2.1075196348342686,
  "alpha": 10.78424548573643,
  "alpha_weighted": 4.596819280630768,
  "log_alpha_norm": 4.89971154549313,
  "log_spectral_norm": 1.0096310314074004,
  "stable_rank": 52.79095342992487,
  "mp_softrank": 0.3681856812974986
}